{
  "d_model": 128,
  "nhead": 2,
  "num_encoder_layers": 6,
  "dim_feedforward": 128,
  "dropout": 0.1,
  "learnable_pe": false,
  "learning_rate": 0.0007295808730566109,
  "weight_decay": 1.5999929642932412e-07,
  "batch_size": 32
}