{
  "d_model": 128,
  "nhead": 4,
  "num_encoder_layers": 6,
  "dim_feedforward": 128,
  "dropout": 0.5,
  "learnable_pe": false,
  "learning_rate": 0.0009312424645679586,
  "weight_decay": 4.399407157928275e-06,
  "batch_size": 8
}