{
  "stage1_f1": 0.47171161604019374,
  "stage2_f1": 0.28540890681504405,
  "combined_accuracy": 0.6550542091836735,
  "combined_f1_macro": 0.18334836976391816,
  "detection_rate": 0.8163265306122449
}